{
  "baseline": {
    "avg_reward": -490.4663506365523,
    "avg_energy": 111.60000000000008,
    "avg_comfort_violation": 378.5963506365525
  },
  "rl_policy": {
    "avg_reward": -770.8491786580978,
    "avg_energy": 92.94000000000004,
    "avg_comfort_violation": 635.5941786580981
  }
}